Company Name,Job Title,Location,Job URL,Company LinkedIn,Job Description snippet
Unknown,Unknown,"Chatham, VA",,,...
Unknown,Unknown,"New York, NY",,,...
Unknown,Unknown,United States,,,...
Unknown,Unknown,"Nottingham, PA",,,...
Unknown,Unknown,"Cary, NC",,,...
Unknown,Unknown,United States,,,...
Unknown,Unknown,"Fort Worth, TX",,,...
Unknown,Unknown,"Tukwila, WA",,,...
Unknown,Unknown,"Port St Lucie, FL",,,...
Unknown,Unknown,United States,,,...
Unknown,Unknown,United States,,,...
Unknown,Unknown,"Los Angeles, CA",,,...
Unknown,Unknown,"Atlanta, GA",,,...
Unknown,Unknown,"Boston, MA",,,...
Unknown,Unknown,"Shreveport, LA",,,...
Unknown,Unknown,United States,,,...
Unknown,Unknown,United States,,,...
Unknown,Unknown,United States,,,...
Unknown,Unknown,"Upper Arlington, OH",,,...
Unknown,Unknown,United States,,,...
Unknown,Unknown,United States,,,...
Unknown,Unknown,"Manhattan, NY",,,...
Unknown,Unknown,United States,,,...
Unknown,Unknown,United States,,,...
Unknown,Unknown,"Riverside, CA",,,...
Unknown,Unknown,"Los Angeles, CA",,,...
Unknown,Unknown,United States,,,...
Unknown,Unknown,United States,,,...
Unknown,Unknown,"New Jersey, United States",,,...
Unknown,Unknown,"Fort Worth, TX",,,...
Unknown,Unknown,"Wilmington, NC",,,...
Unknown,Unknown,"Livermore, CA",,,...
Unknown,Unknown,United States,,,...
Unknown,Unknown,"Yanceyville, NC",,,...
Unknown,Unknown,"Brentwood, TN",,,...
Unknown,Unknown,"Montana, United States",,,...
Unknown,Unknown,"Laredo, TX",,,...
Unknown,Unknown,"New York, United States",,,...
Unknown,Unknown,United States,,,...
Unknown,Unknown,"New York, NY",,,...
Unknown,Unknown,"New York, NY",,,...
Unknown,Unknown,"Temple Terrace, FL",,,...
Unknown,Unknown,United States,,,...
Unknown,Unknown,"Philadelphia, PA",,,...
Unknown,Unknown,"Fullerton, CA",,,...
Unknown,Unknown,United States,,,...
Unknown,Unknown,"Orlando, FL",,,...
Unknown,Unknown,United States,,,...
Unknown,Unknown,United States,,,...
Unknown,Unknown,United States,,,...
Unknown,Unknown,"Fort Lauderdale, FL",,,...
Unknown,Unknown,United States,,,...
Unknown,Unknown,"Fort Worth, TX",,,...
Unknown,Unknown,"Lenoir, NC",,,...
Unknown,Unknown,"Atlanta, GA",,,...
Unknown,Unknown,San Francisco Bay Area,,,...
Unknown,Unknown,"Allendale, MI",,,...
Unknown,Unknown,"Island of Palms, SC",,,...
Unknown,Unknown,United States,,,...
Unknown,Unknown,United States,,,...
Unknown,Unknown,Charlotte Metro,,,...
Unknown,Unknown,United States,,,...
Unknown,Unknown,United States,,,...
Unknown,Unknown,"Charlotte, NC",,,...
Unknown,Unknown,"Westbrook, ME",,,...
Unknown,Unknown,United States,,,...
Unknown,Unknown,United States,,,...
Unknown,Unknown,United States,,,...
Unknown,Unknown,United States,,,...
Unknown,Unknown,"Illinois, United States",,,...
Unknown,Unknown,United States,,,...
Unknown,Unknown,United States,,,...
Unknown,Unknown,Greater Philadelphia,,,...
Unknown,Unknown,"Toms River, NJ",,,...
Unknown,Unknown,"Key Biscayne, FL",,,...
Unknown,Unknown,Greater Milwaukee,,,...
Unknown,Unknown,United States,,,...
Unknown,Unknown,United States,,,...
Unknown,Unknown,"Manhattan, NY",,,...
Unknown,Unknown,"Boston, MA",,,...
Unknown,Unknown,"New York, United States",,,...
Unknown,Unknown,United States,,,...
Unknown,Unknown,United States,,,...
Unknown,Unknown,"Miami-Dade County, FL",,,...
Unknown,Unknown,United States,,,...
Unknown,Unknown,"Florida, United States",,,...
Unknown,Unknown,"Charlotte, NC",,,...
Unknown,Unknown,United States,,,...
Unknown,Unknown,"Austin, TX",,,...
Unknown,Unknown,"Charlotte, NC",,,...
Unknown,Unknown,"Indianapolis, IN",,,...
Unknown,Unknown,"Orlando, FL",,,...
Unknown,Unknown,"Albany, NY",,,...
Unknown,Unknown,United States,,,...
Unknown,Unknown,"Boston, MA",,,...
Unknown,Unknown,"Marysville, WA",,,...
Unknown,Unknown,"New York, NY",,,...
Unknown,Unknown,United States,,,...
Unknown,Unknown,United States,,,...
Unknown,Unknown,United States,,,...
